FirstName,LastName,AccountName,Email,Phone
Sri,Rama,001,sr@gmail.com,999999999
Jai,Hanuman,002,jh@gmail.com,999999998
lord,shiva,003,ls@gmail.com,999999997
abc,def,004,af@gmail.com,999999996
ghi,jkl,005,gl@gmail.com,999999995
mno,pqr,006,mr@gmail.com,999999994
stu,vwx,007,sx@gmail.com,999999993
yza,bcd,008,yd@gmail.com,899999992
a1bc,d2ef,0014,af@gmail.com,799999996
g1hi,j2kl,0015,gal@gmail.com,799999995
m1no,p2qr,0016,mar@gmail.com,799999994
s1tu,v2wx,0017,sax@gmail.com,799999993
y1za,b2cd,0018,yad@gmail.com,799999992